Ba'zi odamlaning fikrini soddaligidan kishi hayratga tushadi. "Shunaqa ham oddiy fikrlaydimi odam' - deysan sen. Buning muqobilida shunday insonlar borki oddiy narsalar haqida ham murakkab uslubda o'ylashadi , tahlil qilishadi. Bu narsani pashshadan fil yasashga o'xshatsa bo'ladi , faqat jarayon biroz farq qiladi, ya'ni sodda ma'noni umuman mavjud bo'lmagan  ma'nolar bilan murakkablashtirib yuboriladi. Murakkab tafakkur faqatgina ishni chigallashtirmaydi balki o'z o'rnida undan boshqasi talab etilmaydi ya'ni kezi kelganda kerakli ma'noni chiqarish uchun aynan murakkab fikrlash lozim bo'ladi. Albatta, bu ikki turdagi idrok o'z o'rnida ishlatilsa maqsadga muvofiq bo'ladi. 

Endi har bir fikr yurutish usullarini birma bir tahlil qilib ularning ijobiy va salbiy taraflarini yoritib bersak. 

1. Sodda fikrlash - biror bir obyekt yoki hodisa haqida uning yuzasidagi ma'noga qarash, uning yashirin sabab-oqibat aloqalarini mulohaza qilmaslik. Yana tushunishga qiyin narsalarni hayotdagi oddiy analogiyalar bilan tushunish. Bunga misol - maqollar. 

2. Murakkab fikrlash -  mavhum,  mushkul,  chigal o'rinlarini sistemalar orqali idrok qilish. Misol uchun falsafani mavhum, metafizik tushunchalar va hodisalar uchun ishlatishadi.

Salbiy va ijobiy tomonlari.
Sodda fikrlashda kam energiya sarflab natijaga erishish, lekin chigal masalalarda bu tur kam foyda beradi yoki umuman ishlamaydi. 
Murakkab fikrlashda mavhum, serqirra masalalarga algoritm, tizim, sistemalar orqali javob topiladi. Bu tur fikrning katta salbiy tomoni shundaki , oddiy o'rinlarda ham qiyin formulalar orqali yechim topishga harakat qilinadi, holbuki masalaga shunchaki qo'shimcha qiyinchiliklarsiz qaralsa javobi chiqadi.

Men ham ikkinchi turdagi toifadan edim. Endi esa vaziyatga qarab ikkisidan birini tanlab ish tutaman